Timestamp,FileName,Status,Duration
2026-04-01T15:20:31.6655522Z,AMEN ( VAAKKUTHATHANGAL ) __ JOHNSAM JOYSON Ft. JAPHIA JOYSON __ ஆமென் ( வாக்குத்தத்தங்கள் ).mp4,Started,00:07:28.7024040
2026-04-01T15:21:05.7291440Z,AMEN ( VAAKKUTHATHANGAL ) __ JOHNSAM JOYSON Ft. JAPHIA JOYSON __ ஆமென் ( வாக்குத்தத்தங்கள் ).mp4,Started,00:07:28.7024040
2026-04-01T15:28:34.4019505Z,AMEN ( VAAKKUTHATHANGAL ) __ JOHNSAM JOYSON Ft. JAPHIA JOYSON __ ஆமென் ( வாக்குத்தத்தங்கள் ).mp4,Completed,00:07:28.7024040
2026-04-01T15:28:34.4330733Z,Enadhu Thalaivan  - Kingdom Community _ Live Worship.mp4,Started,00:05:52.9200910
2026-04-01T15:33:23.2289720Z,AMEN ( VAAKKUTHATHANGAL ) __ JOHNSAM JOYSON Ft. JAPHIA JOYSON __ ஆமென் ( வாக்குத்தத்தங்கள் ).mp4,Started,00:07:28.7024040
2026-04-01T15:35:16.0380663Z,AMEN ( VAAKKUTHATHANGAL ) __ JOHNSAM JOYSON Ft. JAPHIA JOYSON __ ஆமென் ( வாக்குத்தத்தங்கள் ).mp4,Started,00:07:28.7024040
2026-04-01T15:37:12.6308968Z,AMEN ( VAAKKUTHATHANGAL ) __ JOHNSAM JOYSON Ft. JAPHIA JOYSON __ ஆமென் ( வாக்குத்தத்தங்கள் ).mp4,Started,00:07:28.7024040
2026-04-01T15:44:05.0418139Z,Maanam Thelinjallo _ Maria Kolady _ Fr. Justin Jose _ Christmas Carol _ New Malayalam Carol 2025.mp4,Started,00:04:10.5665310
2026-04-01T15:46:09.4501120Z,Maanam Thelinjallo _ Maria Kolady _ Fr. Justin Jose _ Christmas Carol _ New Malayalam Carol 2025.mp4,Started,00:04:10.5665310
2026-04-01T15:57:14.5684427Z,AMEN ( VAAKKUTHATHANGAL ) __ JOHNSAM JOYSON Ft. JAPHIA JOYSON __ ஆமென் ( வாக்குத்தத்தங்கள் ).mp4,Started,00:07:28.7024040
2026-04-01T15:59:33.3413128Z,AMEN ( VAAKKUTHATHANGAL ) __ JOHNSAM JOYSON Ft. JAPHIA JOYSON __ ஆமென் ( வாக்குத்தத்தங்கள் ).mp4,Started,00:07:28.7024040
2026-04-01T16:07:02.0127012Z,AMEN ( VAAKKUTHATHANGAL ) __ JOHNSAM JOYSON Ft. JAPHIA JOYSON __ ஆமென் ( வாக்குத்தத்தங்கள் ).mp4,Completed,00:07:28.7024040
2026-04-01T16:07:02.0443691Z,Enadhu Thalaivan  - Kingdom Community _ Live Worship.mp4,Started,00:05:52.9200910
2026-04-01T16:20:45.2120490Z,2026-01-08 19-19-06.mp4,Manual Start,01:13:53.1000000
2026-04-01T16:42:45.0355750Z,2026-01-08 19-19-06.mp4,Manual Start,01:13:53.1000000
2026-04-01T16:43:21.2067648Z,2026-01-08 19-19-06.mp4,Started,01:13:53.1000000
2026-04-01T16:44:27.3236080Z,2026-01-08 19-19-06.mp4,Started,01:13:53.1000000
2026-04-01T16:49:53.4356232Z,Sunday Service Live _ JNAG CHURCH.mp4,Manual Start,03:07:38.0556920
2026-04-01T16:51:38.5527228Z,Sunday Service Live _ JNAG CHURCH.mp4,Started,03:07:38.0556920
2026-04-01T16:53:58.0264990Z,2026-01-08 19-19-06.mp4,Started,01:13:53.1000000
2026-04-01T16:56:02.3179670Z,2026-01-08 19-19-06.mp4,Manual Start,01:13:53.1000000
2026-04-01T16:59:14.8685317Z,2026-01-08 19-19-06.mp4,Started,01:13:53.1000000
2026-04-01T17:01:48.9819605Z,2026-01-08 19-19-06.mp4,Started,01:13:53.1000000
2026-04-01T17:02:07.6096306Z,AMEN ( VAAKKUTHATHANGAL ) __ JOHNSAM JOYSON Ft. JAPHIA JOYSON __ ஆமென் ( வாக்குத்தத்தங்கள் ).mp4,Manual Start,00:07:28.7024040
2026-04-01T17:02:19.6120516Z,2026-01-08 19-19-06.mp4,Started,01:13:53.1000000
2026-04-01T17:02:25.0477209Z,AMEN ( VAAKKUTHATHANGAL ) __ JOHNSAM JOYSON Ft. JAPHIA JOYSON __ ஆமென் ( வாக்குத்தத்தங்கள் ).mp4,Manual Start,00:07:28.7024040
2026-04-01T17:03:27.7456274Z,2026-01-08 19-19-06.mp4,Started,01:13:53.1000000
2026-04-01T17:09:55.5958410Z,2026-01-08 19-19-06.mp4,Started,01:13:53.1000000
2026-04-01T17:10:41.2295552Z,2026-01-08 19-19-06.mp4,Started,01:13:53.1000000
2026-04-01T17:10:43.8054928Z,AMEN ( VAAKKUTHATHANGAL ) __ JOHNSAM JOYSON Ft. JAPHIA JOYSON __ ஆமென் ( வாக்குத்தத்தங்கள் ).mp4,Manual Start,00:07:28.7024040
2026-04-01T17:10:52.5764736Z,AMEN ( VAAKKUTHATHANGAL ) __ JOHNSAM JOYSON Ft. JAPHIA JOYSON __ ஆமென் ( வாக்குத்தத்தங்கள் ).mp4,Manual Start,00:07:28.7024040
2026-04-01T17:10:55.1430931Z,AMEN ( VAAKKUTHATHANGAL ) __ JOHNSAM JOYSON Ft. JAPHIA JOYSON __ ஆமென் ( வாக்குத்தத்தங்கள் ).mp4,Manual Start,00:07:28.7024040
2026-04-01T17:10:59.9551204Z,2026-01-08 19-19-06.mp4,Started,01:13:53.1000000
2026-04-01T17:11:12.4524257Z,AMEN ( VAAKKUTHATHANGAL ) __ JOHNSAM JOYSON Ft. JAPHIA JOYSON __ ஆமென் ( வாக்குத்தத்தங்கள் ).mp4,Manual Start,00:07:28.7024040
2026-04-01T17:11:20.1582391Z,2026-01-08 19-19-06.mp4,Started,01:13:53.1000000
2026-04-01T17:11:28.7394864Z,AMEN ( VAAKKUTHATHANGAL ) __ JOHNSAM JOYSON Ft. JAPHIA JOYSON __ ஆமென் ( வாக்குத்தத்தங்கள் ).mp4,Manual Start,00:07:28.7024040
2026-04-01T17:16:56.5795672Z,2026-01-08 19-19-06.mp4,Started,01:13:53.1000000
2026-04-01T17:17:10.3855314Z,Kalvary Kruusinmel final re edit.mp4,Manual Start,00:08:34.8000000
2026-04-01T17:25:28.9418026Z,2026-01-08 19-19-06.mp4,Started,01:13:53.1000000
2026-04-01T17:27:13.3694434Z,2026-01-08 19-19-06.mp4,Started,01:13:53.1000000
2026-04-01T17:28:14.4007525Z,2026-01-08 19-19-06.mp4,Started,01:13:53.1000000
2026-04-01T17:28:37.1700314Z,2026-01-08 19-19-06.mp4,Started,01:13:53.1000000
2026-04-01T17:28:41.3006525Z,AMEN ( VAAKKUTHATHANGAL ) __ JOHNSAM JOYSON Ft. JAPHIA JOYSON __ ஆமென் ( வாக்குத்தத்தங்கள் ).mp4,Manual Start,00:07:28.7024040
2026-04-01T17:31:09.6161065Z,Peach and Green Illustrative Christmas Day Instagram Reel.mp4,Started,00:00:16.6330000
2026-04-01T17:31:26.2589491Z,Peach and Green Illustrative Christmas Day Instagram Reel.mp4,Completed,00:00:16.6330000
2026-04-01T17:31:26.2593312Z,Peach and Green Illustrative Christmas Day Instagram Reel.mp4,Started,00:00:16.6330000
2026-04-01T17:31:42.9011541Z,Peach and Green Illustrative Christmas Day Instagram Reel.mp4,Completed,00:00:16.6330000
2026-04-01T17:31:42.9016685Z,Peach and Green Illustrative Christmas Day Instagram Reel.mp4,Started,00:00:16.6330000
2026-04-01T17:31:59.5406742Z,Peach and Green Illustrative Christmas Day Instagram Reel.mp4,Completed,00:00:16.6330000
2026-04-01T17:31:59.5410279Z,Black Simple Video Recording Motivational Quotes Instagram Reel.mp4,Started,00:01:30.4238750
2026-04-01T17:32:53.0462326Z,Black Simple Video Recording Motivational Quotes Instagram Reel.mp4,Started,00:01:30.4238750
2026-04-01T17:34:23.4593075Z,Black Simple Video Recording Motivational Quotes Instagram Reel.mp4,Completed,00:01:30.4238750
2026-04-01T17:34:23.4597436Z,Peach and Green Illustrative Christmas Day Instagram Reel.mp4,Started,00:00:16.6330000
2026-04-01T17:34:40.0972072Z,Peach and Green Illustrative Christmas Day Instagram Reel.mp4,Completed,00:00:16.6330000
2026-04-01T17:34:40.0975577Z,Peach and Green Illustrative Christmas Day Instagram Reel.mp4,Started,00:00:16.6330000
2026-04-01T17:34:56.7353186Z,Peach and Green Illustrative Christmas Day Instagram Reel.mp4,Completed,00:00:16.6330000
2026-04-01T17:34:56.7356647Z,Peach and Green Illustrative Christmas Day Instagram Reel.mp4,Started,00:00:16.6330000
2026-04-01T17:35:13.3765046Z,Peach and Green Illustrative Christmas Day Instagram Reel.mp4,Completed,00:00:16.6330000
2026-04-01T17:35:13.3768393Z,Black Simple Video Recording Motivational Quotes Instagram Reel.mp4,Started,00:01:30.4238750
2026-04-01T17:36:43.7888032Z,Black Simple Video Recording Motivational Quotes Instagram Reel.mp4,Completed,00:01:30.4238750
2026-04-01T17:36:43.7891581Z,Peach and Green Illustrative Christmas Day Instagram Reel.mp4,Started,00:00:16.6330000
2026-04-01T17:37:00.4087143Z,Black Simple Video Recording Motivational Quotes Instagram Reel.mp4,Started,00:01:30.4238750
2026-04-01T17:37:13.4276144Z,Black Simple Video Recording Motivational Quotes Instagram Reel.mp4,Started,00:01:30.4238750
2026-04-01T17:38:43.8444289Z,Black Simple Video Recording Motivational Quotes Instagram Reel.mp4,Completed,00:01:30.4238750
2026-04-01T17:38:43.8448402Z,Black Simple Video Recording Motivational Quotes Instagram Reel.mp4,Started,00:01:30.4238750
2026-04-01T17:40:17.1105485Z,Black Simple Video Recording Motivational Quotes Instagram Reel.mp4,Completed,00:01:30.4238750
2026-04-01T17:40:17.1110367Z,Black Simple Video Recording Motivational Quotes Instagram Reel.mp4,Started,00:01:30.4238750
2026-04-01T17:41:22.8381749Z,y2mate.com - Naalthorum Ente Bhaaranghal Chumakkumനൾതറഎനറഭരങങൾചമകക Issac William Malayalam Song _1080p.mp4,Started,00:07:40.0569610
2026-04-01T17:41:58.3856074Z,y2mate.com - Naalthorum Ente Bhaaranghal Chumakkumനൾതറഎനറഭരങങൾചമകക Issac William Malayalam Song _1080p.mp4,Started,00:07:40.0569610
2026-04-01T17:42:28.6038860Z,AMEN ( VAAKKUTHATHANGAL ) __ JOHNSAM JOYSON Ft. JAPHIA JOYSON __ ஆமென் ( வாக்குத்தத்தங்கள் ).mp4,Manual Start,00:07:28.7024040
2026-04-01T17:42:35.7254317Z,Black Simple Video Recording Motivational Quotes Instagram Reel.mp4,Started,00:01:30.4238750
2026-04-01T17:43:37.0600209Z,y2mate.com - Naalthorum Ente Bhaaranghal Chumakkumനൾതറഎനറഭരങങൾചമകക Issac William Malayalam Song _1080p.mp4,Started,00:07:40.0569610
2026-04-01T17:44:45.5856721Z,y2mate.com - Naalthorum Ente Bhaaranghal Chumakkumനൾതറഎനറഭരങങൾചമകക Issac William Malayalam Song _1080p.mp4,Started,00:07:40.0569610
2026-04-01T17:44:59.4108058Z,AMEN ( VAAKKUTHATHANGAL ) __ JOHNSAM JOYSON Ft. JAPHIA JOYSON __ ஆமென் ( வாக்குத்தத்தங்கள் ).mp4,Manual Start,00:07:28.7024040
2026-04-01T17:45:05.5416938Z,y2mate.com - Naalthorum Ente Bhaaranghal Chumakkumനൾതറഎനറഭരങങൾചമകക Issac William Malayalam Song _1080p.mp4,Started,00:07:40.0569610
2026-04-01T17:47:45.1781553Z,y2mate.com - Naalthorum Ente Bhaaranghal Chumakkumനൾതറഎനറഭരങങൾചമകക Issac William Malayalam Song _1080p.mp4,Started,00:07:40.0569610
2026-04-01T17:48:32.6622188Z,AMEN ( VAAKKUTHATHANGAL ) __ JOHNSAM JOYSON Ft. JAPHIA JOYSON __ ஆமென் ( வாக்குத்தத்தங்கள் ).mp4,Manual Start,00:07:28.7024040
2026-04-01T17:48:41.2295886Z,y2mate.com - Naalthorum Ente Bhaaranghal Chumakkumനൾതറഎനറഭരങങൾചമകക Issac William Malayalam Song _1080p.mp4,Started,00:07:40.0569610
2026-04-01T17:51:27.1625812Z,y2mate.com - Naalthorum Ente Bhaaranghal Chumakkumനൾതറഎനറഭരങങൾചമകക Issac William Malayalam Song _1080p.mp4,Started,00:07:40.0569610
2026-04-01T17:53:08.5087429Z,y2mate.com - Naalthorum Ente Bhaaranghal Chumakkumനൾതറഎനറഭരങങൾചമകക Issac William Malayalam Song _1080p.mp4,Manual Start,00:07:40.0569610
2026-04-01T17:54:09.4796921Z,y2mate.com - Naalthorum Ente Bhaaranghal Chumakkumനൾതറഎനറഭരങങൾചമകക Issac William Malayalam Song _1080p.mp4,Manual Start,00:07:40.0569610
2026-04-01T17:54:14.7573284Z,AMEN ( VAAKKUTHATHANGAL ) __ JOHNSAM JOYSON Ft. JAPHIA JOYSON __ ஆமென் ( வாக்குத்தத்தங்கள் ).mp4,Manual Start,00:07:28.7024040
2026-04-01T17:54:22.8305718Z,AMEN ( VAAKKUTHATHANGAL ) __ JOHNSAM JOYSON Ft. JAPHIA JOYSON __ ஆமென் ( வாக்குத்தத்தங்கள் ).mp4,Manual Start,00:07:28.7024040
2026-04-01T17:54:28.0329858Z,y2mate.com - Naalthorum Ente Bhaaranghal Chumakkumനൾതറഎനറഭരങങൾചമകക Issac William Malayalam Song _1080p.mp4,Started,00:07:40.0569610
2026-04-01T17:55:01.0336728Z,y2mate.com - Naalthorum Ente Bhaaranghal Chumakkumനൾതറഎനറഭരങങൾചമകക Issac William Malayalam Song _1080p.mp4,Started,00:07:40.0559638
2026-04-01T17:56:44.1017348Z,y2mate.com - Naalthorum Ente Bhaaranghal Chumakkumനൾതറഎനറഭരങങൾചമകക Issac William Malayalam Song _1080p.mp4,Started,00:07:40.0559392
2026-04-01T18:04:53.8654735Z,3-1-2025 Friday Fasting Prayer.mp4,Started,00:10:32.1395609
2026-04-01T18:11:52.6515402Z,3-1-2025 Friday Fasting Prayer.mp4,Started,00:03:33.3541839
2026-04-01T18:14:59.1785912Z,3-1-2025 Friday Fasting Prayer.mp4,Started,00:00:26.8274229
2026-04-01T18:15:26.0597761Z,3-1-2025 Friday Fasting Prayer.mp4,Completed,00:00:26.8274229
2026-04-01T18:15:26.0607235Z,19-01-2025 Sunday Malayalam - 02.mp4,Started,00:36:51.5869291
2026-04-01T18:19:51.0056163Z,19-01-2025 Sunday Malayalam - 02.mp4,Started,00:32:26.6433871
2026-04-01T18:52:17.7194855Z,19-01-2025 Sunday Malayalam - 02.mp4,Completed,00:32:26.6433871
2026-04-01T18:52:17.7204389Z,13-07-2025 Sunday Tamil.mp4,Started,00:28:15.9544143
2026-04-02T01:51:42.2602129Z,23-02-2025 Sunday Malayalam - 02.mp4,Started,00:40:52.7503000
